id,fuel
2248,0.002730012
2249,0.0031448007
2250,0.02659288
2251,0.002730012
2252,0.0022207797
2253,0.02659288
2254,0.019367278
2255,0.0022207797
2256,0.002730012
2257,0.001
2258,0.0030021966
2259,0.0020897985
2260,0.00036537647
2261,0.001
2262,0.00081565976
2263,0.001
2264,0.0020897985
2265,0.002730012
2266,0.004330367
2267,0.01819536
2268,0.0011235774
2269,0.001
2270,0.00036537647
2271,0.021319926
2272,0.001
2273,0.0007581413
2274,0.0020897985
2275,0.019351065
2276,0.0020797253
2277,0.00036537647
2278,0.001
2279,0.002730012
2280,0.0037279725
2281,0.001
2282,0.0037373304
2283,0.002730012
2284,0.001
2285,0.036183476
2286,0.002730012
2287,0.001
2288,0.002730012
2289,0.002730012
2290,0.036183476
2291,0.003023386
2292,0.001
2293,0.0010365844
2294,0.001
2295,0.0037973225
2296,0.001
2297,0.003017217
2298,0.0007581413
2299,0.0010327697
2300,0.001
2301,0.0038964152
2302,0.0007581413
2303,0.001
2304,0.0011235774
2305,0.00081565976
2306,0.001
2307,0.0012681782
2308,0.00036537647
2309,0.01911056
2310,0.0020897985
2311,0.001
2312,0.02659288
2313,0.005664706
2314,0.0027210712
2315,0.0034229457
2316,0.0010327697
2317,0.001
2318,0.001
2319,0.001
2320,0.001
2321,0.0044686496
2322,0.003023386
2323,0.005664706
2324,0.001
2325,0.0020897985
2326,0.0058530867
2327,0.022182196
2328,0.0020897985
2329,0.0047344863
2330,0.001
2331,0.001
2332,0.001
2333,0.01819536
2334,0.0020897985
2335,0.0010365844
2336,0.0020897985
2337,0.0037766397
2338,0.0027210712
2339,0.0020897985
2340,0.0030336082
2341,0.005087018
2342,0.0027210712
2343,0.0030336082
2344,0.0020897985
2345,0.001
2346,0.001
2347,0.005057633
2348,0.0036918223
2349,0.0012681782
2350,0.0020897985
2351,0.0030021966
2352,0.004035622
2353,0.001
2354,0.0027210712
2355,0.001
2356,0.003023386
2357,0.0025045872
2358,0.0020897985
2359,0.017975599
2360,0.001
2361,0.005241066
2362,0.002730012
2363,0.036183476
2364,0.001
2365,0.0020897985
2366,0.0030336082
2367,0.001
2368,0.001
2369,0.00081565976
2370,0.018869638
2371,0.002730012
2372,0.005354911
2373,0.001
2374,0.020816833
2375,0.00081565976
2376,0.0012681782
2377,0.01896283
2378,0.001
2379,0.001
2380,0.0020897985
2381,0.0012681782
2382,0.001
2383,0.001
2384,0.0037973225
2385,0.001
2386,0.0020897985
2387,0.002730012
2388,0.0062556267
2389,0.018296868
2390,0.001
2391,0.001
2392,0.020190716
2393,0.001
2394,0.001
2395,0.0007581413
2396,0.001
2397,0.0012681782
2398,0.02659288
2399,0.01731059
2400,0.0020897985
2401,0.0055737793
2402,0.002730012
2403,0.001
2404,0.001
2405,0.001
2406,0.0020897985
2407,0.003017217
2408,0.0038439035
2409,0.001
2410,0.002730012
2411,0.001
2412,0.001
2413,0.0007581413
2414,0.0049081743
2415,0.002730012
2416,0.005354911
2417,0.0020897985
2418,0.001
2419,0.0007581413
2420,0.001
2421,0.001
2422,0.0027210712
2423,0.001
2424,0.001
2425,0.001
2426,0.020969003
2427,0.005657822
2428,0.002730012
2429,0.001
2430,0.0020897985
2431,0.02659288
2432,0.001
2433,0.002834916
2434,0.0011235774
2435,0.035787404
2436,0.001
2437,0.0037973225
2438,0.001
2439,0.001
2440,0.0013759136
2441,0.036183476
2442,0.001
2443,0.001
2444,0.001
2445,0.018869638
2446,0.001
2447,0.001
2448,0.001
2449,0.0020897985
2450,0.021226257
2451,0.0020897985
2452,0.020190716
2453,0.0020897985
2454,0.0058530867
2455,0.002730012
2456,0.02659288
2457,0.0037279725
2458,0.002730012
2459,0.001
2460,0.0038439035
2461,0.019351065
2462,0.003144443
2463,0.0020897985
2464,0.0022207797
2465,0.035787404
2466,0.002730012
2467,0.001
2468,0.003144443
2469,0.0020897985
2470,0.0020897985
2471,0.0020897985
2472,0.02073291
2473,0.0037482083
2474,0.001
2475,0.0020897985
2476,0.00036537647
2477,0.0010327697
2478,0.001
2479,0.020709217
2480,0.0020897985
2481,0.0022207797
2482,0.002730012
2483,0.001
2484,0.020816833
2485,0.0037059188
2486,0.002730012
2487,0.0031448007
2488,0.001
2489,0.002730012
2490,0.022182196
2491,0.0030021966
2492,0.0020897985
2493,0.0020897985
2494,0.0020897985
2495,0.0033128858
2496,0.001
2497,0.002730012
2498,0.005354911
2499,0.025401056
2500,0.001
2501,0.017150223
2502,0.0051370263
2503,0.002730012
2504,0.0025045872
2505,0.021319926
2506,0.0020897985
2507,0.0020897985
2508,0.01788503
2509,0.0047344863
2510,0.0020897985
2511,0.0184685
2512,0.0046431124
2513,0.0038439035
2514,0.0020897985
2515,0.001
2516,0.01819536
2517,0.005047977
2518,0.0020897985
2519,0.001
2520,0.001
2521,0.0020897985
2522,0.005072981
2523,0.002730012
2524,0.004207611
2525,0.025401056
2526,0.0020897985
2527,0.021029025
2528,0.0020897985
2529,0.001
2530,0.020969003
2531,0.01731059
2532,0.0020897985
2533,0.001
2534,0.020816833
2535,0.0046138167
2536,0.0020897985
2537,0.02075836
2538,0.0020897985
2539,0.004714906
2540,0.0020897985
2541,0.001
2542,0.001
2543,0.0058530867
2544,0.017551035
2545,0.0020897985
2546,0.002730012
2547,0.0055737793
2548,0.001
2549,0.020816833
2550,0.0020897985
2551,0.0045530796
2552,0.001
2553,0.020190716
2554,0.0058530867
2555,0.0020897985
2556,0.0020897985
2557,0.0012681782
2558,0.004035622
2559,0.0020897985
2560,0.004714906
2561,0.001
2562,0.001
2563,0.001
2564,0.001
2565,0.001
2566,0.005665034
2567,0.002730012
2568,0.0037279725
2569,0.00036537647
2570,0.021503687
2571,0.0020897985
2572,0.0020897985
2573,0.005047977
2574,0.0020897985
2575,0.001
2576,0.004035622
2577,0.0020897985
2578,0.0047344863
2579,0.001
2580,0.004548669
2581,0.002730012
2582,0.005354911
2583,0.001
2584,0.0020897985
2585,0.004714906
2586,0.005664706
2587,0.005161643
2588,0.002730012
2589,0.001
2590,0.001
2591,0.0020897985
2592,0.0049081743
2593,0.005595058
2594,0.0051370263
2595,0.002730012
2596,0.0020897985
2597,0.005087018
2598,0.0020897985
2599,0.004714906
2600,0.001
2601,0.0062556267
2602,0.002730012
2603,0.0020897985
2604,0.01819536
2605,0.001
2606,0.0020897985
2607,0.0058530867
2608,0.001
2609,0.004876554
2610,0.0011588037
2611,0.001
2612,0.0020897985
2613,0.004321128
2614,0.004321128
2615,0.001
2616,0.0029433668
2617,0.004035622
2618,0.001
2619,0.0010327697
2620,0.001
2621,0.005595058
2622,0.001
2623,0.003023386
2624,0.001
2625,0.005087018
2626,0.001
2627,0.0037973225
2628,0.001
2629,0.001
2630,0.01819536
2631,0.0027210712
2632,0.001
2633,0.017150223
2634,0.001
2635,0.0037973225
2636,0.001
2637,0.0049565732
2638,0.0020897985
2639,0.016085148
2640,0.001
2641,0.003023386
2642,0.001
2643,0.001
2644,0.005665034
2645,0.001
2646,0.018049628
2647,0.001
2648,0.0007085204
2649,0.001
2650,0.001
2651,0.001
2652,0.001
2653,0.001
2654,0.001
2655,0.0027210712
2656,0.001
2657,0.001
2658,0.005595058
2659,0.0184685
2660,0.0031154752
2661,0.001
2662,0.0020897985
2663,0.02659288
2664,0.001
2665,0.001
2666,0.0012681782
2667,0.001
2668,0.001
2669,0.019535214
2670,0.001
2671,0.020473123
2672,0.004035622
2673,0.001
2674,0.0020897985
2675,0.02659288
2676,0.003023386
2677,0.001
2678,0.001
2679,0.0020897985
2680,0.026333094
2681,0.01819536
2682,0.001
2683,0.001
2684,0.001
2685,0.00036537647
2686,0.001
2687,0.025660843
2688,0.021319926
2689,0.001
2690,0.0020897985
2691,0.018614233
2692,0.0037973225
2693,0.001
2694,0.0011235774
2695,0.001
2696,0.001
2697,0.02075836
2698,0.001
2699,0.001
2700,0.019512922
2701,0.001
2702,0.001
2703,0.001
2704,0.001
2705,0.02073291
2706,0.0012681782
2707,0.004035622
2708,0.001
2709,0.001
2710,0.001
2711,0.001
2712,0.036108196
2713,0.0007581413
2714,0.001
2715,0.00081565976
2716,0.001
2717,0.00081565976
2718,0.018049628
2719,0.0010327697
2720,0.001
2721,0.0011235774
2722,0.0010327697
2723,0.001
2724,0.001
2725,0.025660843
2726,0.0007581413
2727,0.001
2728,0.01911056
2729,0.0010327697
2730,0.001
2731,0.002730012
2732,0.001
2733,0.0027210712
2734,0.0020897985
2735,0.0036918223
2736,0.02659288
2737,0.001
2738,0.001
2739,0.001
2740,0.001
2741,0.036108196
2742,0.001
2743,0.025660843
2744,0.001
2745,0.00036537647
2746,0.0007581413
2747,0.001
2748,0.0031448007
2749,0.002730012
2750,0.0007085204
2751,0.02659288
2752,0.001
2753,0.001
2754,0.001
2755,0.001
2756,0.001
2757,0.001
2758,0.018049628
2759,0.001
2760,0.0036918223
2761,0.025660843
2762,0.001
2763,0.004035622
2764,0.001
2765,0.036108196
2766,0.001
2767,0.0031154752
2768,0.00081565976
2769,0.001
2770,0.001
2771,0.0010365844
2772,0.001
2773,0.004207611
2774,0.001
2775,0.00036537647
2776,0.00036537647
2777,0.001
2778,0.02073291
2779,0.00036537647
2780,0.001
2781,0.002730012
2782,0.001
2783,0.002730012
2784,0.001
2785,0.017150223
2786,0.0049565732
2787,0.001
2788,0.001
2789,0.018049628
2790,0.0007581413
2791,0.001
2792,0.001
2793,0.003023386
2794,0.001
2795,0.004548669
2796,0.001
2797,0.001
2798,0.018798172
2799,0.0062556267
2800,0.002730012
2801,0.0051712394
2802,0.0020897985
2803,0.020969003
2804,0.00036537647
2805,0.001
2806,0.001
2807,0.001
2808,0.0020897985
2809,0.020190716
2810,0.0049565732
2811,0.004035622
2812,0.001
2813,0.001
2814,0.0010327697
2815,0.001
2816,0.001
2817,0.0010327697
2818,0.001
2819,0.001
2820,0.0020897985
2821,0.0010327697
2822,0.00081565976
2823,0.001
2824,0.001
2825,0.0036918223
2826,0.0054641366
2827,0.001
2828,0.001
2829,0.017425
2830,0.003023386
2831,0.001
2832,0.001
2833,0.019512922
2834,0.003023386
2835,0.001
2836,0.020816833
2837,0.001
2838,0.017975599
2839,0.001
2840,0.001
2841,0.005664706
2842,0.002730012
2843,0.004773468
2844,0.001
2845,0.017644703
2846,0.0037973225
2847,0.001
2848,0.001
2849,0.001
2850,0.01819536
2851,0.0055737793
2852,0.002730012
2853,0.005665034
2854,0.001
2855,0.039883316
2856,0.001
2857,0.0037973225
2858,0.02659288
2859,0.001
2860,0.001
2861,0.001
2862,0.0010327697
2863,0.001
2864,0.0007581413
2865,0.00081565976
2866,0.001
2867,0.001
2868,0.001
2869,0.001
2870,0.00081565976
2871,0.001
2872,0.001
2873,0.00081565976
2874,0.00081565976
2875,0.001
2876,0.001
2877,0.0010327697
2878,0.0012681782
2879,0.001
2880,0.001
2881,0.025401056
2882,0.00081565976
2883,0.0014480054
2884,0.001
2885,0.001
2886,0.0011588037
2887,0.00036537647
2888,0.001
2889,0.01819536
2890,0.001
2891,0.001
2892,0.018049628
2893,0.02075836
2894,0.001
2895,0.001
2896,0.0027210712
2897,0.019535214
2898,0.020190716
2899,0.001
2900,0.0010327697
2901,0.001
2902,0.020563245
2903,0.0007085204
2904,0.001
2905,0.0013797283
2906,0.0013759136
2907,0.001
2908,0.020715415
2909,0.005595058
2910,0.001
2911,0.0010327697
2912,0.001
2913,0.001
2914,0.001
2915,0.020563245
2916,0.001
2917,0.0037373304
2918,0.001
2919,0.0010327697
2920,0.0062556267
2921,0.018782407
2922,0.001
2923,0.001
2924,0.01911369
2925,0.001
2926,0.00036537647
2927,0.001
2928,0.001
2929,0.017869204
2930,0.001
2931,0.017244577
2932,0.0007581413
2933,0.001
2934,0.003611803
2935,0.005047977
2936,0.0020897985
2937,0.005584687
2938,0.0007581413
2939,0.005006999
2940,0.001
2941,0.018049628
2942,0.0027210712
2943,0.001
2944,0.017150223
2945,0.017564684
2946,0.001
2947,0.005087018
2948,0.0055737793
2949,0.002730012
2950,0.001
2951,0.01819536
2952,0.0031268
2953,0.0184685
2954,0.0020897985
2955,0.021066338
2956,0.001
2957,0.0029433668
2958,0.001
2959,0.003611803
2960,0.001
2961,0.0031448007
2962,0.0007085204
2963,0.001
2964,0.0016113222
2965,0.001
2966,0.001
2967,0.003240645
2968,0.001
2969,0.0034229457
2970,0.001
2971,0.0029433668
2972,0.0019304752
2973,0.0012681782
2974,0.00036537647
2975,0.0025045872
2976,0.0020897985
2977,0.0031448007
2978,0.017869204
2979,0.002730012
2980,0.001
2981,0.019351065
2982,0.0014480054
2983,0.0020897985
2984,0.0020897985
2985,0.0053841174
2986,0.001
2987,0.0031268
2988,0.0012681782
2989,0.001
2990,0.0020897985
2991,0.0037766397
2992,0.020816833
2993,0.001
2994,0.003023386
2995,0.001
2996,0.001
2997,0.004035622
2998,0.0027210712
2999,0.00036537647
3000,0.02659288
3001,0.0011235774
3002,0.001
3003,0.019512922
3004,0.005595058
3005,0.001
3006,0.020816833
3007,0.021017909
3008,0.001
3009,0.0010327697
3010,0.001
3011,0.02659288
3012,0.021017909
3013,0.001
3014,0.0020897985
3015,0.020364106
3016,0.0036918223
3017,0.001
3018,0.002730012
3019,0.002730012
3020,0.0044686496
3021,0.0037973225
3022,0.0049565732
3023,0.001
3024,0.02073291
3025,0.002730012
3026,0.018263161
3027,0.001
3028,0.018049628
3029,0.0015873313
3030,0.001
3031,0.0020897985
3032,0.020473123
3033,0.004035622
3034,0.001
3035,0.001
3036,0.020190716
3037,0.004035622
3038,0.001
3039,0.001
3040,0.0054641366
3041,0.0044406056
3042,0.002730012
3043,0.001
3044,0.018049628
3045,0.0027210712
3046,0.001
3047,0.001
3048,0.0054641366
3049,0.001
3050,0.0031154752
3051,0.004743099
3052,0.0020897985
3053,0.018045366
3054,0.0020897985
3055,0.002730012
3056,0.005241066
3057,0.0020897985
3058,0.004743099
3059,0.0054641366
3060,0.0010327697
3061,0.001
3062,0.005584687
3063,0.001
3064,0.02073291
3065,0.001
3066,0.0011235774
3067,0.001
3068,0.0007085204
3069,0.004714906
3070,0.0010327697
3071,0.03610438
3072,0.0020897985
3073,0.001
3074,0.001
3075,0.002730012
3076,0.001
3077,0.002730012
3078,0.00081565976
3079,0.001
3080,0.003017217
3081,0.025660843
3082,0.001
3083,0.001
3084,0.001
3085,0.001
3086,0.001
3087,0.02659288
3088,0.004207611
3089,0.002730012
3090,0.001
3091,0.001
3092,0.025660843
3093,0.0031154752
3094,0.0012681782
3095,0.001
3096,0.00081565976
3097,0.001
3098,0.001
3099,0.001
3100,0.001
3101,0.0012681782
3102,0.001
3103,0.001
3104,0.001
3105,0.0010327697
3106,0.02075836
3107,0.001
3108,0.001
3109,0.001
3110,0.001
3111,0.001
3112,0.02659288
3113,0.001
3114,0.001
3115,0.0012681782
3116,0.001
3117,0.001
3118,0.001
3119,0.001
3120,0.0012681782
3121,0.001
3122,0.020969003
3123,0.0027210712
3124,0.001
3125,0.001
3126,0.018798172
3127,0.005087018
3128,0.001
3129,0.001
3130,0.001
3131,0.0010327697
3132,0.0010327697
3133,0.020190716
3134,0.002834916
3135,0.001
3136,0.001
3137,0.0028840303
3138,0.019535214
3139,0.0020897985
3140,0.001
3141,0.001
3142,0.0049565732
3143,0.001
3144,0.001
3145,0.020969003
3146,0.003023386
3147,0.001
3148,0.001
3149,0.002834916
3150,0.018049628
3151,0.001
3152,0.001
3153,0.01921317
3154,0.0054641366
3155,0.001
3156,0.0020897985
3157,0.021410018
3158,0.005087018
3159,0.001
3160,0.001
3161,0.0011012852
3162,0.0020897985
3163,0.021410018
3164,0.0027210712
3165,0.001
3166,0.001
3167,0.001
3168,0.001
3169,0.003023386
3170,0.0037973225
3171,0.001
3172,0.001
3173,0.01911056
3174,0.0036918223
3175,0.001
3176,0.001
3177,0.01921317
3178,0.001
3179,0.001
3180,0.0036918223
3181,0.003023386
3182,0.001
3183,0.00036537647
3184,0.001
3185,0.0010327697
3186,0.005665034
3187,0.001
3188,0.0020897985
3189,0.001
3190,0.0020897985
3191,0.001
3192,0.001
3193,0.001
3194,0.001
3195,0.0010365844
3196,0.0012681782
3197,0.001
3198,0.002730012
3199,0.0016113222
3200,0.001
3201,0.0028840303
3202,0.001
3203,0.0010327697
3204,0.001
3205,0.001
3206,0.001
3207,0.0033128858
3208,0.001
3209,0.001
3210,0.001
3211,0.001
3212,0.00036537647
3213,0.0020897985
3214,0.001
3215,0.0030021966
3216,0.0020897985
3217,0.001
3218,0.0025045872
3219,0.0012681782
3220,0.001
3221,0.001
3222,0.001
3223,0.0013797283
3224,0.0025045872
3225,0.004207611
3226,0.0037373304
3227,0.001
3228,0.002730012
3229,0.001
3230,0.002730012
3231,0.0007085204
3232,0.001
3233,0.001
3234,0.00036537647
3235,0.001
3236,0.0007085204
3237,0.001
3238,0.00081565976
3239,0.0013759136
3240,0.0007085204
3241,0.0012681782
3242,0.001
3243,0.001
3244,0.001
3245,0.0014480054
3246,0.001
3247,0.00036537647
3248,0.001
3249,0.0012681782
3250,0.001
3251,0.001
3252,0.005665034
3253,0.0055737793
3254,0.002730012
3255,0.001
3256,0.01819536
3257,0.0014480054
3258,0.001
3259,0.019468278
3260,0.001
3261,0.020072818
3262,0.027553856
3263,0.001
3264,0.019535214
3265,0.005475521
3266,0.002730012
3267,0.001
3268,0.017150223
3269,0.003017217
3270,0.001
3271,0.005664706
3272,0.001
3273,0.0025045872
3274,0.002730012
3275,0.001
3276,0.0022207797
3277,0.00036537647
3278,0.0010365844
3279,0.001
3280,0.0020897985
3281,0.0020897985
3282,0.0020897985
3283,0.0020897985
3284,0.001
3285,0.001
3286,0.004548669
3287,0.001
3288,0.001
3289,0.025660843
3290,0.005664706
3291,0.001
3292,0.001
3293,0.0020897985
3294,0.001
3295,0.020190716
3296,0.003023386
3297,0.001
3298,0.005595058
3299,0.001
3300,0.004035622
3301,0.001
3302,0.005072981
3303,0.0020897985
3304,0.001
3305,0.001
3306,0.001
3307,0.001
3308,0.020190716
3309,0.01731059
3310,0.0020897985
3311,0.0010365844
3312,0.001
3313,0.0007581413
3314,0.0020897985
3315,0.001
3316,0.02659288
3317,0.017975599
3318,0.001
3319,0.0037973225
3320,0.001
3321,0.001
3322,0.00081565976
3323,0.002730012
3324,0.0051370263
3325,0.001
3326,0.001
3327,0.036108196
3328,0.0037279725
3329,0.0055962205
3330,0.001
3331,0.02659288
3332,0.001
3333,0.039883316
3334,0.002730012
3335,0.002730012
3336,0.020969003
3337,0.004548669
3338,0.001
3339,0.0020897985
3340,0.00036537647
3341,0.001
3342,0.00081565976
3343,0.021685481
3344,0.025660843
3345,0.001
3346,0.005595058
3347,0.002730012
3348,0.001
3349,0.001
3350,0.001
3351,0.001
3352,0.02659288
3353,0.0049565732
3354,0.001
3355,0.01819536
3356,0.001
3357,0.001
3358,0.005664706
3359,0.001
3360,0.00036537647
3361,0.0010327697
3362,0.018049628
3363,0.001
3364,0.002834916
3365,0.001
3366,0.001
3367,0.001
3368,0.001
3369,0.0027210712
3370,0.001
3371,0.003275007
3372,0.002730012
3373,0.004695803
3374,0.001
3375,0.001
3376,0.001
3377,0.02659288
3378,0.018049628
3379,0.001
3380,0.001
3381,0.01921317
3382,0.002730012
3383,0.004695803
3384,0.00081565976
3385,0.001
3386,0.018049628
3387,0.0011235774
3388,0.001
3389,0.001
3390,0.0011235774
3391,0.001
3392,0.001
3393,0.001
3394,0.001
3395,0.02659288
3396,0.001
3397,0.00036537647
3398,0.0010365844
3399,0.001
3400,0.001
3401,0.021503687
3402,0.001
3403,0.0007581413
3404,0.001
3405,0.003023386
3406,0.02659288
3407,0.001
3408,0.0031154752
3409,0.001
3410,0.001
3411,0.0049565732
3412,0.0020897985
3413,0.002730012
3414,0.01896283
3415,0.0038964152
3416,0.001
3417,0.0031154752
3418,0.001
3419,0.003023386
3420,0.0020897985
3421,0.021503687
3422,0.001
3423,0.035787404
3424,0.001
3425,0.001
3426,0.003023386
3427,0.0020897985
3428,0.001
3429,0.0036918223
3430,0.0020897985
3431,0.001
3432,0.0030021966
3433,0.017150223
3434,0.0011235774
3435,0.001
3436,0.001
3437,0.020479321
3438,0.001
3439,0.0025045872
3440,0.0030021966
3441,0.001
3442,0.017564684
3443,0.0037059188
3444,0.002730012
3445,0.001
3446,0.0030336082
3447,0.0020897985
3448,0.0007581413
3449,0.003144443
3450,0.001
3451,0.002730012
3452,0.0011235774
3453,0.005057633
3454,0.003521204
3455,0.001
3456,0.001
3457,0.005515039
3458,0.001
3459,0.005087018
3460,0.0020897985
3461,0.001
3462,0.003240645
3463,0.001
3464,0.0020897985
3465,0.0037973225
3466,0.0020897985
3467,0.001
3468,0.0014480054
3469,0.0030021966
3470,0.0020897985
3471,0.001
3472,0.001
3473,0.0031154752
3474,0.001
3475,0.0037482083
3476,0.0020897985
3477,0.0020897985
3478,0.0020897985
3479,0.0033128858
3480,0.001
3481,0.001
3482,0.0037279725
3483,0.002730012
3484,0.0012681782
3485,0.001
3486,0.001
3487,0.001
3488,0.004548669
3489,0.001
3490,0.001
3491,0.0012681782
3492,0.001
3493,0.0015873313
3494,0.001
3495,0.0010327697
3496,0.001
3497,0.0011235774
3498,0.017644703
3499,0.001
3500,0.001
3501,0.0054641366
3502,0.001
3503,0.017425
3504,0.001
3505,0.002730012
3506,0.002730012
3507,0.0031154752
3508,0.001
3509,0.003017217
3510,0.0015873313
3511,0.001
3512,0.001
3513,0.001
3514,0.001
3515,0.00036537647
3516,0.004207611
3517,0.005354911
3518,0.002730012
3519,0.0028840303
3520,0.001
3521,0.01788503
3522,0.0020797253
3523,0.0020897985
3524,0.001
3525,0.0036918223
3526,0.01819536
3527,0.001
3528,0.017150223
3529,0.01819536
3530,0.001
3531,0.001
3532,0.01896283
3533,0.017644703
3534,0.001
3535,0.020816833
3536,0.001
3537,0.017644703
3538,0.001
3539,0.001
3540,0.018049628
3541,0.0011235774
3542,0.001
3543,0.001
3544,0.01896283
3545,0.0010327697
3546,0.001
3547,0.001
3548,0.01896283
3549,0.005354911
3550,0.002730012
3551,0.001
3552,0.035787404
3553,0.0027210712
3554,0.001
3555,0.005665034
3556,0.0027210712
3557,0.001
3558,0.001
3559,0.018049628
3560,0.0055962205
3561,0.002730012
3562,0.018049628
3563,0.001
3564,0.0020897985
3565,0.004743099
3566,0.001
3567,0.0027210712
3568,0.001
3569,0.021226257
3570,0.0020897985
3571,0.0020897985
3572,0.001
3573,0.0044128895
3574,0.001
3575,0.020816833
3576,0.0022207797
3577,0.002730012
3578,0.001
3579,0.025660843
3580,0.001
3581,0.001
3582,0.0010327697
3583,0.001
3584,0.018049628
3585,0.004035622
3586,0.001
3587,0.001
3588,0.002834916
3589,0.001
3590,0.0031154752
3591,0.001
3592,0.0007581413
3593,0.0020897985
3594,0.0049081743
3595,0.018049628
3596,0.017644703
3597,0.001
3598,0.001
3599,0.001
3600,0.005664706
3601,0.0030021966
3602,0.001
3603,0.001
3604,0.00081565976
3605,0.0010327697
3606,0.003023386
3607,0.001
3608,0.001
3609,0.001
3610,0.0011235774
3611,0.0007581413
3612,0.001
3613,0.003023386
3614,0.019535214
3615,0.00036537647
3616,0.003017217
3617,0.001
3618,0.0045530796
3619,0.0037766397
3620,0.001
3621,0.001
3622,0.001
3623,0.001
3624,0.002730012
3625,0.001
3626,0.001
3627,0.0010327697
3628,0.001
3629,0.002730012
3630,0.001
3631,0.001
3632,0.001
3633,0.0010327697
3634,0.001
3635,0.001
3636,0.0010327697
3637,0.001
3638,0.002730012
3639,0.0038964152
3640,0.0014480054
3641,0.001
3642,0.0020897985
3643,0.017644703
3644,0.0027253628
3645,0.041725993
3646,0.002730012
3647,0.002730012
3648,0.001
3649,0.0047943294
3650,0.0020897985
3651,0.005595058
3652,0.001
3653,0.0015873313
3654,0.001
3655,0.0011235774
3656,0.020816833
3657,0.0017911494
3658,0.0019304752
3659,0.001
3660,0.0007581413
3661,0.001
3662,0.0012681782
3663,0.002730012
3664,0.001
3665,0.001
3666,0.0037973225
3667,0.001
3668,0.001
3669,0.0010327697
3670,0.001
3671,0.001
3672,0.001
3673,0.001
3674,0.018798172
3675,0.017425
3676,0.017644703
3677,0.001
3678,0.001
3679,0.001
3680,0.039883316
3681,0.02659288
3682,0.001
3683,0.001
3684,0.002730012
3685,0.00036537647
3686,0.0011235774
3687,0.0044406056
3688,0.00081565976
3689,0.002730012
3690,0.002730012
3691,0.002730012
3692,0.0020944476
3693,0.0020897985
3694,0.0055737793
3695,0.0012681782
3696,0.0020855367
3697,0.0020897985
3698,0.0047344863
3699,0.005665034
3700,0.001
3701,0.00036537647
3702,0.0014480054
3703,0.005354911
3704,0.001
3705,0.002730012
3706,0.035787404
3707,0.003023386
3708,0.0044406056
3709,0.001
3710,0.0022207797
3711,0.001
3712,0.001
3713,0.001
3714,0.002730012
3715,0.001
3716,0.001
3717,0.0031154752
3718,0.025660843
3719,0.001
3720,0.00036537647
3721,0.0015873313
3722,0.019535214
3723,0.00081565976
3724,0.02659288
3725,0.001
3726,0.001
3727,0.001
3728,0.003017217
3729,0.0007581413
3730,0.0010327697
3731,0.001
3732,0.0007085204
3733,0.002730012
3734,0.0051370263
3735,0.0029433668
3736,0.001
3737,0.001
3738,0.001
3739,0.001
3740,0.0010327697
3741,0.001
3742,0.00081565976
3743,0.001
3744,0.00036537647
3745,0.001
3746,0.001
3747,0.001
3748,0.0010327697
3749,0.025660843
3750,0.001
3751,0.0015873313
3752,0.001
3753,0.0027210712
3754,0.001
3755,0.003240645
3756,0.001
3757,0.0027210712
3758,0.001
3759,0.001
3760,0.0049565732
3761,0.001
3762,0.001
3763,0.001
3764,0.005665034
3765,0.003017217
3766,0.001
3767,0.001
3768,0.0027210712
3769,0.001
3770,0.005595058
3771,0.00081565976
3772,0.001
3773,0.0027210712
3774,0.0034229457
3775,0.0007581413
3776,0.001
3777,0.001
3778,0.001
3779,0.01819536
3780,0.0036918223
3781,0.001
3782,0.001
3783,0.001
3784,0.0054641366
3785,0.002834916
3786,0.001
3787,0.001
3788,0.003017217
3789,0.001
3790,0.005665034
3791,0.0027210712
3792,0.001
3793,0.0020897985
3794,0.016917944
3795,0.002834916
3796,0.001
3797,0.001
3798,0.005665034
3799,0.003023386
3800,0.001
3801,0.001
3802,0.004548669
3803,0.0020897985
3804,0.0031154752
3805,0.001
3806,0.004874021
3807,0.003023386
3808,0.001
3809,0.001
3810,0.017150223
3811,0.004035622
3812,0.001
3813,0.001
3814,0.022182196
3815,0.0020897985
3816,0.005595058
3817,0.001
3818,0.020557046
3819,0.001
3820,0.005665034
3821,0.001
3822,0.02659288
3823,0.0020897985
3824,0.0027210712
3825,0.001
3826,0.020557046
3827,0.001
3828,0.0011588037
3829,0.003240645
3830,0.001
3831,0.003023386
3832,0.001
3833,0.020816833
3834,0.0020897985
3835,0.020521581
3836,0.005664706
3837,0.001
3838,0.020504773
3839,0.018014938
3840,0.020816833
3841,0.003611803
3842,0.001
3843,0.0011235774
3844,0.001
3845,0.001
3846,0.019535214
3847,0.001
3848,0.0031154752
3849,0.001
3850,0.021503687
3851,0.0007581413
3852,0.001
3853,0.001
3854,0.001
3855,0.0020897985
3856,0.004743099
3857,0.001
3858,0.001
3859,0.001
3860,0.001
3861,0.001
3862,0.0036918223
3863,0.0020897985
3864,0.001
3865,0.02075836
3866,0.001
3867,0.0027210712
3868,0.001
3869,0.0010327697
3870,0.0020897985
3871,0.020709217
3872,0.005087018
3873,0.0042030513
3874,0.001
3875,0.0017911494
3876,0.0016113222
3877,0.01911056
3878,0.0020797253
3879,0.001
3880,0.001
3881,0.017425
3882,0.00036537647
3883,0.001
3884,0.00036537647
3885,0.001
3886,0.020190716
3887,0.017975599
3888,0.001
3889,0.0027210712
3890,0.001
3891,0.0020897985
3892,0.018614233
3893,0.0020897985
3894,0.0184685
3895,0.002730012
3896,0.005475521
3897,0.0020897985
3898,0.005211085
3899,0.001
3900,0.035787404
3901,0.0020897985
3902,0.0020897985
3903,0.0020897985
3904,0.001
3905,0.001
3906,0.036108196
3907,0.001
3908,0.0020897985
3909,0.0030021966
3910,0.0036918223
3911,0.036183476
3912,0.001
3913,0.0020897985
3914,0.0037482083
3915,0.0020897985
3916,0.001
3917,0.0058530867
3918,0.036183476
3919,0.001
3920,0.0020897985
3921,0.0037482083
3922,0.0047344863
3923,0.035787404
3924,0.0020897985
3925,0.0025045872
3926,0.001
3927,0.0030336082
3928,0.0020897985
3929,0.02659288
3930,0.0030336082
3931,0.001
3932,0.0031154752
3933,0.001
3934,0.0020897985
3935,0.001
3936,0.001
3937,0.020969003
3938,0.001
3939,0.019535214
3940,0.001
3941,0.017644703
3942,0.001
3943,0.001
3944,0.001
3945,0.0020897985
3946,0.0020797253
3947,0.001
3948,0.001
3949,0.02659288
3950,0.0027210712
3951,0.001
3952,0.0053841174
3953,0.00081565976
3954,0.00036537647
3955,0.001
3956,0.001
3957,0.0015873313
3958,0.00081565976
3959,0.020969003
3960,0.001
3961,0.00081565976
3962,0.001
3963,0.017644703
3964,0.004610896
3965,0.0020897985
3966,0.001
3967,0.020816833
3968,0.0037973225
3969,0.001
3970,0.00036537647
3971,0.025660843
3972,0.025660843
3973,0.001
3974,0.0007581413
3975,0.0031268
3976,0.0025045872
3977,0.0020897985
3978,0.0029433668
3979,0.0010327697
3980,0.001
3981,0.0016113222
3982,0.001
3983,0.018049628
3984,0.001
3985,0.001
3986,0.02659288
3987,0.005087018
3988,0.001
3989,0.001
3990,0.017975599
3991,0.001
3992,0.01896283
3993,0.0015873313
3994,0.001
3995,0.001
3996,0.0007581413
3997,0.001
3998,0.001
3999,0.017425
4000,0.02659288
4001,0.001
4002,0.0010327697
4003,0.001
4004,0.001
4005,0.0037373304
4006,0.002730012
4007,0.0027253628
4008,0.018049628
4009,0.001
4010,0.001
4011,0.005665034
4012,0.001
4013,0.020969003
4014,0.001
4015,0.001
4016,0.0020897985
4017,0.0037482083
4018,0.0036918223
4019,0.001
4020,0.001
4021,0.0033242404
4022,0.0047127306
4023,0.002730012
4024,0.001
4025,0.001
4026,0.0010365844
4027,0.0020897985
4028,0.005211085
4029,0.0020897985
4030,0.004321128
4031,0.0012681782
4032,0.001
4033,0.005664706
4034,0.0020897985
4035,0.0046835244
4036,0.0020897985
4037,0.005072981
4038,0.005047977
4039,0.004743099
4040,0.0020897985
4041,0.0020897985
4042,0.0054641366
4043,0.004610896
4044,0.0020897985
4045,0.001
4046,0.0020897985
4047,0.0047344863
4048,0.001
4049,0.005664706
4050,0.0027210712
4051,0.002730012
4052,0.0056614876
4053,0.0020897985
4054,0.0015873313
4055,0.001
4056,0.001
4057,0.017644703
4058,0.0037973225
4059,0.001
4060,0.001
4061,0.018049628
4062,0.0036918223
4063,0.001
4064,0.0020897985
4065,0.0184685
4066,0.0037059188
4067,0.037325144
4068,0.001
4069,0.005087018
4070,0.0010365844
4071,0.001
4072,0.001
4073,0.005665034
4074,0.0010327697
4075,0.001
4076,0.01921317
4077,0.001
4078,0.016085148
4079,0.0020897985
4080,0.0031154752
4081,0.0011235774
4082,0.001
4083,0.001
4084,0.017150223
4085,0.017457843
4086,0.0020897985
4087,0.001
4088,0.004548669
4089,0.001
4090,0.0012681782
4091,0.001
4092,0.018869638
4093,0.001
4094,0.018798172
4095,0.001
4096,0.005087018
4097,0.001
4098,0.0011235774
4099,0.001
4100,0.003611803
4101,0.0049081743
4102,0.001
4103,0.0030336082
4104,0.0020897985
4105,0.0020897985
4106,0.0020797253
4107,0.0013759136
4108,0.001
4109,0.001
4110,0.0020897985
4111,0.0020797253
4112,0.0014480054
4113,0.001
4114,0.00081565976
4115,0.001
4116,0.0030021966
4117,0.0020897985
4118,0.0010327697
4119,0.0037766397
4120,0.0020897985
4121,0.0031154752
4122,0.0020897985
4123,0.003144443
4124,0.0033128858
4125,0.0020897985
4126,0.00036537647
4127,0.004286766
4128,0.001
4129,0.00036537647
4130,0.001
4131,0.0045530796
4132,0.0020897985
4133,0.0028840303
4134,0.0012681782
4135,0.001
4136,0.0027210712
4137,0.001
4138,0.00036537647
4139,0.001
4140,0.004610896
4141,0.003023386
4142,0.003017217
4143,0.001
4144,0.0054641366
4145,0.0012681782
4146,0.0010365844
4147,0.001
4148,0.003023386
4149,0.001
4150,0.0012681782
4151,0.001
4152,0.0010327697
4153,0.001
4154,0.0014480054
4155,0.001
4156,0.0012681782
4157,0.001
4158,0.0010327697
4159,0.001
4160,0.0012681782
4161,0.001
4162,0.0010327697
4163,0.0020897985
4164,0.0046835244
4165,0.0025045872
4166,0.001
4167,0.0020897985
4168,0.021319926
4169,0.0020897985
4170,0.001
4171,0.0020897985
4172,0.001
4173,0.0007581413
4174,0.018049628
4175,0.0020897985
4176,0.0020897985
4177,0.0030336082
4178,0.019351065
4179,0.0025045872
4180,0.0020897985
4181,0.001
4182,0.0020897985
4183,0.001
4184,0.01921317
4185,0.01769483
4186,0.001
4187,0.0020897985
4188,0.0020797253
4189,0.001
4190,0.020473123
4191,0.0020897985
4192,0.0033242404
4193,0.0020897985
4194,0.03680539
4195,0.0010327697
4196,0.0020897985
4197,0.001
4198,0.0033242404
4199,0.001
4200,0.0010327697
4201,0.0020897985
4202,0.0020897985
4203,0.001
4204,0.001
4205,0.001
4206,0.0010327697
4207,0.0037482083
4208,0.0020897985
4209,0.0051712394
4210,0.002834916
4211,0.0030336082
4212,0.001
4213,0.0031448007
4214,0.004207611
4215,0.0020897985
4216,0.0030021966
4217,0.018798172
4218,0.0030021966
4219,0.0020897985
4220,0.0049565732
4221,0.001
4222,0.0020897985
4223,0.0030336082
4224,0.017425
4225,0.0020897985
4226,0.0030021966
4227,0.016120076
4228,0.0020897985
4229,0.017644703
4230,0.0028840303
4231,0.0020897985
4232,0.005211085
4233,0.001
4234,0.001
4235,0.001
4236,0.0031154752
4237,0.0020897985
4238,0.0047344863
4239,0.001
4240,0.021017909
4241,0.001
4242,0.001
4243,0.017551035
4244,0.001
4245,0.0031154752
4246,0.001
4247,0.02075836
4248,0.0010327697
4249,0.025660843
4250,0.002834916
4251,0.0007581413
4252,0.002730012
4253,0.001
4254,0.001
4255,0.001
4256,0.0007581413
4257,0.001
4258,0.001
4259,0.001
4260,0.001
4261,0.0020897985
4262,0.001
4263,0.0031154752
4264,0.001
4265,0.001
4266,0.017425
4267,0.0011235774
4268,0.018869638
4269,0.003023386
4270,0.001
4271,0.001
4272,0.020418972
4273,0.0027210712
4274,0.0020897985
4275,0.001
4276,0.0027210712
4277,0.001
4278,0.0020897985
4279,0.0020897985
4280,0.0012681782
4281,0.003023386
4282,0.001
4283,0.001
4284,0.01819536
4285,0.001
4286,0.0054641366
4287,0.0010365844
4288,0.001
4289,0.001
4290,0.005664706
4291,0.0020897985
4292,0.0049439967
4293,0.0027210712
4294,0.001
4295,0.001
4296,0.005664706
4297,0.0015873313
4298,0.001
4299,0.0020897985
4300,0.016120076
4301,0.003017217
4302,0.001
4303,0.001
4304,0.019512922
4305,0.0036918223
4306,0.001
4307,0.016085148
4308,0.0020897985
4309,0.0010327697
4310,0.001
4311,0.001
4312,0.021017909
4313,0.00036537647
4314,0.025401056
4315,0.001
4316,0.0020897985
4317,0.0031154752
4318,0.002730012
4319,0.0022207797
4320,0.017975599
4321,0.017644703
4322,0.001
4323,0.001
4324,0.001
4325,0.02659288
4326,0.001
4327,0.018049628
4328,0.001
4329,0.035787404
4330,0.001
4331,0.0020897985
4332,0.0020897985
4333,0.0007581413
4334,0.001
4335,0.0007581413
4336,0.001
4337,0.026333094
4338,0.0020897985
4339,0.017644703
4340,0.001
4341,0.00036537647
4342,0.001
4343,0.00081565976
4344,0.001
4345,0.020816833
4346,0.001
4347,0.0014480054
4348,0.001
4349,0.003017217
4350,0.0010327697
4351,0.001
4352,0.020816833
4353,0.001
4354,0.0010327697
4355,0.0037973225
4356,0.001
4357,0.020969003
4358,0.0014480054
4359,0.001
4360,0.001
4361,0.019351065
4362,0.001
4363,0.0020897985
4364,0.020521581
4365,0.001
4366,0.003017217
4367,0.0020897985
4368,0.004610896
4369,0.001
4370,0.020816833
4371,0.001
4372,0.0020897985
4373,0.0047943294
4374,0.001
4375,0.0010327697
4376,0.020969003
4377,0.001
4378,0.00036537647
4379,0.0020897985
4380,0.001
4381,0.00036537647
4382,0.0020897985
4383,0.0054641366
4384,0.001
4385,0.02659288
4386,0.001
4387,0.001
4388,0.0010327697
4389,0.001
4390,0.001
4391,0.001
4392,0.001
4393,0.001
4394,0.021017909
4395,0.002730012
4396,0.0037279725
4397,0.0030021966
4398,0.0020897985
4399,0.002730012
4400,0.004207611
4401,0.0020897985
4402,0.002730012
4403,0.001
4404,0.001
4405,0.001
4406,0.002730012
4407,0.002730012
4408,0.0031448007
4409,0.001
4410,0.001
4411,0.001
4412,0.0007581413
4413,0.001
4414,0.001
4415,0.001
4416,0.001
4417,0.001
4418,0.017975599
4419,0.003023386
4420,0.001
4421,0.0020897985
4422,0.0049565732
4423,0.002730012
4424,0.0051370263
4425,0.019367278
4426,0.0020897985
4427,0.0051712394
4428,0.017551035
4429,0.0020897985
4430,0.005241066
4431,0.002730012
4432,0.0020897985
4433,0.016917944
4434,0.001
4435,0.001
4436,0.004743099
4437,0.005515039
4438,0.001
4439,0.00036537647
4440,0.001
4441,0.0020897985
4442,0.00036537647
4443,0.001
4444,0.00036537647
4445,0.001
4446,0.001
4447,0.001
4448,0.0020897985
4449,0.00036537647
4450,0.001
4451,0.001
4452,0.0007581413
4453,0.001
4454,0.0020897985
4455,0.0020897985
4456,0.001
4457,0.0044128895
4458,0.0015873313
4459,0.0047344863
4460,0.0020897985
4461,0.002730012
4462,0.002730012
4463,0.001
4464,0.001
4465,0.005211085
4466,0.0020897985
4467,0.0020897985
4468,0.001
4469,0.005072981
4470,0.001
4471,0.001
4472,0.0020897985
4473,0.004548669
4474,0.02073291
4475,0.001
4476,0.0036918223
4477,0.025660843
4478,0.0012681782
4479,0.00036537647
4480,0.018049628
4481,0.018798172
4482,0.001
4483,0.02659288
4484,0.001
4485,0.002834916
4486,0.025660843
4487,0.003023386
4488,0.0054641366
4489,0.020816833
4490,0.0010327697
4491,0.001
4492,0.0033128858
4493,0.001
4494,0.021029025
4495,0.001
4496,0.0054641366
4497,0.0036918223
4498,0.001
4499,0.01819536
4500,0.001
4501,0.005664706
4502,0.001
4503,0.020190716
4504,0.001
4505,0.0054641366
4506,0.020816833
4507,0.001
4508,0.001
4509,0.02075836
4510,0.001
4511,0.003023386
4512,0.001
4513,0.001
4514,0.0007581413
4515,0.001
4516,0.01819536
4517,0.001
4518,0.0027210712
4519,0.001
4520,0.01819536
4521,0.001
4522,0.001
4523,0.001
4524,0.01819536
4525,0.001
4526,0.0020897985
4527,0.0020897985
4528,0.0036918223
4529,0.001
4530,0.001
4531,0.001
4532,0.0031154752
4533,0.001
4534,0.0020897985
4535,0.0020897985
4536,0.001
4537,0.0014480054
4538,0.003023386
4539,0.001
4540,0.001
4541,0.0014667213
4542,0.001
4543,0.0012681782
4544,0.003023386
4545,0.0020897985
4546,0.0033242404
4547,0.001
4548,0.002730012
4549,0.0010365844
4550,0.001
4551,0.001
4552,0.003017217
4553,0.001
4554,0.0014480054
4555,0.001
4556,0.001
4557,0.005087018
4558,0.001
4559,0.001
4560,0.001
4561,0.004548669
4562,0.001
4563,0.001
4564,0.001
4565,0.001
4566,0.019367278
4567,0.0013759136
4568,0.00036537647
4569,0.001
4570,0.001
4571,0.001
4572,0.0012681782
4573,0.001
4574,0.0020897985
4575,0.004321128
4576,0.0020897985
4577,0.035787404
4578,0.001
4579,0.001
4580,0.0010365844
4581,0.020557046
4582,0.001
4583,0.001
4584,0.001
4585,0.020557046
4586,0.001
4587,0.0044128895
4588,0.001
4589,0.001
4590,0.001
4591,0.001
4592,0.0054641366
4593,0.0020897985
4594,0.0010327697
4595,0.0030336082
4596,0.02659288
4597,0.001
4598,0.0031154752
4599,0.0025045872
4600,0.001
4601,0.0010327697
4602,0.0046835244
4603,0.0037766397
4604,0.001
4605,0.0011235774
4606,0.001
4607,0.00036537647
4608,0.001
4609,0.0020897985
4610,0.00036537647
4611,0.001
4612,0.0020897985
4613,0.001
4614,0.001
4615,0.005595058
4616,0.00036537647
4617,0.0020897985
4618,0.002730012
4619,0.001
4620,0.017150223
4621,0.001
4622,0.0036918223
4623,0.001
4624,0.001
4625,0.001
4626,0.001
4627,0.0020897985
4628,0.001
4629,0.0030336082
4630,0.005595058
4631,0.001
4632,0.001
4633,0.025660843
4634,0.001
4635,0.00036537647
4636,0.002730012
4637,0.0047127306
4638,0.001
4639,0.0033242404
4640,0.001
4641,0.0033128858
4642,0.004548669
4643,0.0020897985
4644,0.001
4645,0.004548669
4646,0.0049565732
4647,0.001
4648,0.001
4649,0.0033242404
4650,0.001
4651,0.001
4652,0.001
4653,0.001
4654,0.0020897985
4655,0.001
4656,0.003144443
4657,0.001
4658,0.019351065
4659,0.001
4660,0.001
4661,0.001
4662,0.0014480054
4663,0.020816833
4664,0.001
4665,0.0010327697
4666,0.001
4667,0.0016113222
4668,0.001
4669,0.001
4670,0.0014480054
4671,0.001
4672,0.001
4673,0.001
4674,0.01921317
4675,0.001
4676,0.02659288
4677,0.0038439035
4678,0.002730012
4679,0.020969003
4680,0.001
4681,0.001
4682,0.001
4683,0.002730012
4684,0.002730012
4685,0.002730012
4686,0.022182196
4687,0.002730012
4688,0.0007581413
4689,0.00036537647
4690,0.001
4691,0.00036537647
4692,0.0020797253
4693,0.0020897985
4694,0.001
4695,0.001
4696,0.0027253628
4697,0.001
4698,0.0015873313
4699,0.0034229457
4700,0.001
4701,0.001
4702,0.001
4703,0.001
4704,0.001
4705,0.0011235774
4706,0.001
4707,0.001
4708,0.025660843
4709,0.003017217
4710,0.001
4711,0.001
4712,0.020816833
4713,0.001
4714,0.00036537647
4715,0.020816833
4716,0.0030021966
4717,0.0020897985
4718,0.002834916
4719,0.0010365844
4720,0.017150223
4721,0.001
4722,0.00081565976
4723,0.002730012
4724,0.0028840303
4725,0.0020897985
4726,0.005087018
4727,0.0020897985
4728,0.0010365844
4729,0.001
4730,0.0020897985
4731,0.004610896
4732,0.0014667213
4733,0.026333094
4734,0.002730012
4735,0.019756079
4736,0.005087018
4737,0.0014480054
4738,0.0020897985
4739,0.004321128
4740,0.020190716
4741,0.0049565732
4742,0.004321128
4743,0.0020897985
4744,0.02073291
4745,0.02659288
4746,0.0020897985
4747,0.016096324
4748,0.02659288
4749,0.0020897985
4750,0.020557046
4751,0.003023386
4752,0.0020897985
4753,0.026333094
4754,0.001
4755,0.0013759136
4756,0.0020897985
4757,0.005515039
4758,0.019512922
4759,0.001
4760,0.01921317
4761,0.001
4762,0.005515039
4763,0.020816833
4764,0.001
4765,0.003611803
4766,0.017975599
4767,0.001
4768,0.001
4769,0.0033128858
4770,0.018296868
4771,0.002730012
4772,0.002730012
4773,0.004773468
4774,0.0038439035
4775,0.001
4776,0.0038439035
4777,0.002730012
4778,0.001
4779,0.01819536
4780,0.001
4781,0.001
4782,0.02659288
4783,0.00081565976
4784,0.0014667213
4785,0.002730012
4786,0.0020897985
4787,0.001
4788,0.0010365844
4789,0.005161643
4790,0.002730012
4791,0.001
4792,0.001
4793,0.018045366
4794,0.0020897985
4795,0.002730012
4796,0.00036537647
4797,0.001
4798,0.004321128
4799,0.0020897985
4800,0.0027210712
4801,0.0033128858
4802,0.0045530796
4803,0.005595058
4804,0.0020897985
4805,0.001
4806,0.001
4807,0.0012681782
4808,0.00081565976
4809,0.001
4810,0.001
4811,0.0013759136
4812,0.0010327697
4813,0.0007581413
4814,0.001
4815,0.005161643
4816,0.002730012
4817,0.004286766
4818,0.0020897985
4819,0.001
4820,0.0031154752
4821,0.026333094
4822,0.0020897985
4823,0.001
4824,0.0017911494
4825,0.0058530867
4826,0.0030021966
4827,0.001
4828,0.001
4829,0.001
4830,0.00081565976
4831,0.001
4832,0.001
4833,0.001
4834,0.002730012
4835,0.0014480054
4836,0.0037373304
4837,0.001
4838,0.0034229457
4839,0.0020897985
4840,0.0028840303
4841,0.0015873313
4842,0.001
4843,0.001
4844,0.0015873313
4845,0.001
4846,0.02659288
4847,0.001
4848,0.0031448007
4849,0.001
4850,0.002730012
4851,0.001
4852,0.005087018
4853,0.001
4854,0.0053841174
4855,0.0020897985
4856,0.0027210712
4857,0.0030336082
4858,0.00036537647
4859,0.001
4860,0.005047977
4861,0.001
4862,0.001
4863,0.001
4864,0.001
4865,0.0027210712
4866,0.004035622
4867,0.001
4868,0.0011235774
4869,0.001
4870,0.001
4871,0.0030336082
4872,0.0020897985
4873,0.017644703
4874,0.001
4875,0.0027210712
4876,0.0020897985
4877,0.0020797253
4878,0.004035622
4879,0.001
4880,0.001
4881,0.001
4882,0.004876554
4883,0.0020897985
4884,0.018614233
4885,0.02659288
4886,0.0010365844
4887,0.001
4888,0.001
4889,0.001
4890,0.0014480054
4891,0.0031268
4892,0.0020897985
4893,0.0030336082
4894,0.0015873313
4895,0.001
4896,0.001
4897,0.0042030513
4898,0.01819536
4899,0.002730012
4900,0.001
4901,0.036108196
4902,0.005530566
4903,0.0010327697
4904,0.0017911494
4905,0.001
4906,0.02659288
4907,0.020192385
4908,0.002730012
4909,0.0010365844
4910,0.001
4911,0.0012681782
4912,0.001
4913,0.018049628
4914,0.0054641366
4915,0.001
4916,0.001
4917,0.021503687
4918,0.004548669
4919,0.001
4920,0.0031448007
4921,0.002730012
4922,0.018798172
4923,0.001
4924,0.003017217
4925,0.001
4926,0.0010365844
4927,0.001
4928,0.001
4929,0.005665034
4930,0.001
4931,0.001
4932,0.001
4933,0.001
4934,0.017425
4935,0.004207611
4936,0.002730012
4937,0.001
4938,0.01896283
4939,0.0031154752
4940,0.001
4941,0.001
4942,0.017644703
4943,0.0055737793
4944,0.002730012
4945,0.005664706
4946,0.001
4947,0.005087018
4948,0.001
4949,0.0010327697
4950,0.001
4951,0.001
4952,0.02659288
4953,0.001
4954,0.005595058
4955,0.017551035
4956,0.004695803
4957,0.019351065
4958,0.025401056
4959,0.001
4960,0.0020897985
4961,0.0020897985
4962,0.0031268
4963,0.002730012
4964,0.0037373304
4965,0.0031154752
4966,0.0014480054
4967,0.001
4968,0.0033128858
4969,0.0020897985
4970,0.0039556026
4971,0.001
4972,0.001
4973,0.0034229457
4974,0.001
4975,0.005211085
4976,0.017244577
4977,0.020563245
4978,0.001
4979,0.002730012
4980,0.0038439035
4981,0.00081565976
4982,0.0014667213
4983,0.001
4984,0.001
4985,0.0020897985
4986,0.001
4987,0.0011588037
4988,0.001
4989,0.001
4990,0.0011012852
4991,0.001
4992,0.001
4993,0.001
4994,0.004035622
4995,0.003521204
4996,0.001
4997,0.0010365844
4998,0.0010327697
4999,0.001
5000,0.001
5001,0.0031448007
5002,0.002730012
5003,0.001
5004,0.0030336082
5005,0.0033242404
5006,0.019468278
5007,0.0020897985
5008,0.0007085204
5009,0.0020897985
5010,0.0031154752
5011,0.025660843
5012,0.001
5013,0.001
5014,0.0034229457
5015,0.0007581413
5016,0.001
5017,0.001
5018,0.001
5019,0.00081565976
5020,0.0007085204
5021,0.001
5022,0.0007085204
5023,0.001
5024,0.00036537647
5025,0.018049628
5026,0.001
5027,0.022182196
5028,0.002834916
5029,0.0027210712
5030,0.001
5031,0.001
5032,0.0011012852
5033,0.0007085204
5034,0.0020897985
5035,0.001
5036,0.005595058
5037,0.00081565976
5038,0.00036537647
5039,0.001
5040,0.01819536
5041,0.001
5042,0.0017911494
5043,0.00036537647
5044,0.0036918223
5045,0.00081565976
5046,0.001
5047,0.001
5048,0.0019304752
5049,0.001
5050,0.001
5051,0.0031154752
5052,0.001
5053,0.001
5054,0.001
5055,0.005664706
5056,0.001
5057,0.0036918223
5058,0.001
5059,0.001
5060,0.0011235774
5061,0.004874021
5062,0.0020897985
5063,0.001
5064,0.00081565976
5065,0.001
5066,0.0010327697
5067,0.0011588037
5068,0.0028602183
5069,0.003275007
5070,0.001
5071,0.003275007
5072,0.0016113222
5073,0.001
5074,0.0028602183
5075,0.001
5076,0.001
5077,0.0034229457
5078,0.001
5079,0.021017909
5080,0.0037973225
5081,0.0013759136
5082,0.001
5083,0.0027210712
5084,0.001
5085,0.001
5086,0.001
5087,0.001
5088,0.0013759136
5089,0.001
5090,0.0030021966
5091,0.0014480054
5092,0.001
5093,0.0013797283
5094,0.0019304752
5095,0.001
5096,0.001
5097,0.00081565976
5098,0.001
5099,0.004139453
5100,0.02659288
5101,0.001
5102,0.00036537647
5103,0.0013759136
5104,0.001
5105,0.0020897985
5106,0.0011012852
5107,0.01731059
5108,0.0020897985
5109,0.0047344863
5110,0.0020897985
5111,0.0037973225
5112,0.001
5113,0.001
5114,0.0016113222
5115,0.0049439967
5116,0.0020897985
5117,0.0013759136
5118,0.001
5119,0.001
5120,0.0016113222
5121,0.001
5122,0.001
5123,0.001
5124,0.0031154752
5125,0.001
5126,0.001
5127,0.0017911494
5128,0.001
5129,0.001
5130,0.0011588037
5131,0.005087018
5132,0.002730012
5133,0.002730012
5134,0.0011235774
5135,0.0011588037
5136,0.001
5137,0.001
5138,0.001
5139,0.001
5140,0.001
5141,0.0014480054
5142,0.001
5143,0.001
5144,0.001
5145,0.001
5146,0.001
5147,0.001
5148,0.0011235774
5149,0.001
5150,0.0020897985
5151,0.0020897985
5152,0.019535214
5153,0.001
5154,0.019351065
5155,0.001
5156,0.0010365844
5157,0.001
5158,0.021928608
5159,0.020816833
5160,0.001
5161,0.0019304752
5162,0.0020897985
5163,0.001
5164,0.001
5165,0.020816833
5166,0.0014480054
5167,0.001
5168,0.020473123
5169,0.0020897985
5170,0.001
5171,0.001
5172,0.02659288
5173,0.003611803
5174,0.0011012852
5175,0.00036537647
5176,0.01896283
5177,0.0015873313
5178,0.01731059
5179,0.0020897985
5180,0.001
5181,0.0011012852
5182,0.020969003
5183,0.01788503
5184,0.0020897985
5185,0.003017217
5186,0.001
5187,0.020969003
5188,0.001
5189,0.0037973225
5190,0.001
5191,0.0016113222
5192,0.01896283
5193,0.001
5194,0.020969003
5195,0.001
5196,0.0031154752
5197,0.001
5198,0.02659288
5199,0.001
5200,0.0012681782
5201,0.001
5202,0.025660843
5203,0.002730012
5204,0.0046431124
5205,0.001
5206,0.0031154752
5207,0.002834916
5208,0.0010327697
5209,0.001
5210,0.001
5211,0.001
5212,0.001
5213,0.00081565976
5214,0.001
5215,0.001
5216,0.001
5217,0.0012681782
5218,0.00036537647
5219,0.003017217
5220,0.0010327697
5221,0.001
5222,0.0020897985
5223,0.001
5224,0.0020897985
5225,0.0020897985
5226,0.036108196
5227,0.0030021966
5228,0.001
5229,0.001
5230,0.005595058
5231,0.001
5232,0.0007581413
5233,0.001
5234,0.0012681782
5235,0.001
5236,0.001
5237,0.001
5238,0.001
5239,0.001
5240,0.001
5241,0.0037973225
5242,0.0012681782
5243,0.001
5244,0.0010327697
5245,0.001
5246,0.001
5247,0.001
5248,0.017150223
5249,0.017869204
5250,0.001
5251,0.001
5252,0.0011235774
5253,0.0014480054
5254,0.0015873313
5255,0.001
5256,0.001
5257,0.00081565976
5258,0.001
5259,0.0010365844
5260,0.001
5261,0.001
5262,0.0010327697
5263,0.001
5264,0.020816833
5265,0.02073291
5266,0.001
5267,0.001
5268,0.001
5269,0.018049628
5270,0.001
5271,0.0010327697
5272,0.0020897985
5273,0.001
5274,0.0020897985
5275,0.0031448007
5276,0.002730012
5277,0.00036537647
5278,0.001
5279,0.001
5280,0.00081565976
5281,0.020969003
5282,0.021319926
5283,0.001
5284,0.0038439035
5285,0.0020897985
5286,0.001
5287,0.0010327697
5288,0.001
5289,0.0020897985
5290,0.016917944
5291,0.002730012
5292,0.0055737793
5293,0.0020897985
5294,0.004874021
5295,0.0020897985
5296,0.0020897985
5297,0.0020897985
5298,0.0044128895
5299,0.001
5300,0.02659288
5301,0.001
5302,0.0010327697
5303,0.001
5304,0.002730012
5305,0.001
5306,0.0013797283
5307,0.003240645
5308,0.001
5309,0.001
5310,0.001
5311,0.0020897985
5312,0.01731059
5313,0.0042030513
5314,0.00081565976
5315,0.0034229457
5316,0.001
5317,0.001
5318,0.005664706
5319,0.017975599
5320,0.001
5321,0.0036918223
5322,0.001
5323,0.001
5324,0.01921317
5325,0.001
5326,0.018049628
5327,0.001
5328,0.017457843
5329,0.0020897985
5330,0.005665034
5331,0.001
5332,0.016096324
5333,0.003023386
5334,0.0020897985
5335,0.001
5336,0.018869638
5337,0.0011235774
5338,0.001
5339,0.001
5340,0.001
5341,0.020816833
5342,0.004035622
5343,0.001
5344,0.001
5345,0.019351065
5346,0.0027210712
5347,0.001
5348,0.021503687
5349,0.001
5350,0.001
5351,0.003017217
5352,0.019581348
5353,0.001
5354,0.001
5355,0.001
5356,0.001
5357,0.02659288
5358,0.0010365844
5359,0.0015873313
5360,0.001
5361,0.00036537647
5362,0.001
5363,0.001
5364,0.001
5365,0.00036537647
5366,0.0010327697
5367,0.001
5368,0.002730012
5369,0.005161643
5370,0.002834916
5371,0.001
5372,0.001
5373,0.001
5374,0.00036537647
5375,0.001
5376,0.0016113222
5377,0.0020897985
5378,0.001
5379,0.0020897985
5380,0.0020897985
5381,0.0007581413
5382,0.001
5383,0.001
5384,0.0020897985
5385,0.0020897985
5386,0.0020897985
5387,0.01719892
5388,0.00081565976
5389,0.0025045872
5390,0.0030021966
5391,0.0020897985
5392,0.0011235774
5393,0.001
5394,0.0020897985
5395,0.0184685
5396,0.0013797283
5397,0.001
5398,0.0020897985
5399,0.0037482083
5400,0.0020897985
5401,0.0020897985
5402,0.0020897985
5403,0.0020797253
5404,0.0054641366
5405,0.0010327697
5406,0.02659288
5407,0.00081565976
5408,0.036183476
5409,0.001
5410,0.002730012
5411,0.001
5412,0.0011012852
5413,0.037325144
5414,0.041725993
5415,0.0020897985
5416,0.016120076
5417,0.0020897985
5418,0.0044128895
5419,0.0045725405
5420,0.0184685
5421,0.0020897985
5422,0.002730012
5423,0.020816833
5424,0.002730012
5425,0.020969003
5426,0.001
5427,0.017425
5428,0.020969003
5429,0.001
5430,0.004035622
5431,0.001
5432,0.0022207797
5433,0.0027210712
5434,0.0020897985
5435,0.0025045872
5436,0.0020897985
5437,0.002730012
5438,0.0031448007
5439,0.0030021966
5440,0.0031448007
5441,0.02659288
5442,0.002730012
5443,0.001
5444,0.0011235774
5445,0.001
5446,0.025660843
5447,0.0054641366
5448,0.001
5449,0.001
5450,0.020816833
5451,0.017644703
5452,0.001
5453,0.002730012
5454,0.001
5455,0.001
5456,0.004548669
5457,0.002730012
5458,0.002730012
5459,0.001
5460,0.01896283
5461,0.0012681782
5462,0.001
5463,0.001
5464,0.01819536
5465,0.002730012
5466,0.0055737793
5467,0.001
5468,0.001
5469,0.0020897985
5470,0.026333094
5471,0.001
5472,0.005665034
5473,0.005664706
5474,0.001
5475,0.0036918223
5476,0.001
5477,0.0010365844
5478,0.001
5479,0.001
5480,0.001
5481,0.001
5482,0.001
5483,0.005664706
5484,0.018049628
5485,0.001
5486,0.001
5487,0.001
5488,0.02659288
5489,0.01911056
5490,0.0037373304
5491,0.001
5492,0.0049565732
5493,0.002730012
5494,0.004695803
5495,0.0010365844
5496,0.001
5497,0.0037973225
5498,0.0012681782
5499,0.0054641366
5500,0.0020855367
5501,0.001
5502,0.001
5503,0.0014480054
5504,0.0031268
5505,0.002730012
5506,0.001
5507,0.001
5508,0.0013759136
5509,0.002730012
5510,0.0011235774
5511,0.001
5512,0.01896283
5513,0.001
5514,0.001
5515,0.00081565976
5516,0.003017217
5517,0.0037973225
5518,0.001
5519,0.001
5520,0.002730012
5521,0.002730012
5522,0.037645936
5523,0.005354911
5524,0.01896283
5525,0.0007581413
5526,0.001
5527,0.002730012
5528,0.0011235774
5529,0.001
5530,0.0007581413
5531,0.0014480054
5532,0.001
5533,0.0012681782
5534,0.0015873313
5535,0.001
5536,0.001
5537,0.003017217
5538,0.0020897985
5539,0.0017911494
5540,0.0020897985
5541,0.005595058
5542,0.01896283
5543,0.001
5544,0.01896283
5545,0.001
5546,0.0014480054
5547,0.001
5548,0.001
5549,0.0010327697
5550,0.00036537647
5551,0.001
5552,0.001
5553,0.02659288
5554,0.035787404
5555,0.025660843
5556,0.001
5557,0.0010327697
5558,0.0010327697
5559,0.005664706
5560,0.001
5561,0.001
5562,0.001
5563,0.020969003
5564,0.0015873313
5565,0.0010365844
5566,0.001
5567,0.005665034
5568,0.001
5569,0.001
5570,0.020969003
5571,0.001
5572,0.001
5573,0.003023386
5574,0.005664706
5575,0.001
5576,0.02659288
5577,0.0010327697
5578,0.00036537647
5579,0.001
5580,0.0054641366
5581,0.001
5582,0.001
5583,0.020969003
5584,0.001
5585,0.01921317
5586,0.001
5587,0.001
5588,0.025660843
5589,0.001
5590,0.001
5591,0.001
5592,0.0010327697
5593,0.001
5594,0.001
5595,0.018856972
5596,0.0028602183
5597,0.001
5598,0.0031154752
5599,0.0007581413
5600,0.001
5601,0.001
5602,0.001
5603,0.002730012
5604,0.005665034
5605,0.001
5606,0.001
5607,0.001
5608,0.001
5609,0.020969003
5610,0.001
5611,0.001
5612,0.001
5613,0.02659288
5614,0.003017217
5615,0.001
5616,0.001
5617,0.001
5618,0.002730012
5619,0.0022207797
5620,0.002730012
5621,0.0030336082
5622,0.0020897985
5623,0.003017217
5624,0.003023386
5625,0.001
5626,0.001
5627,0.020969003
5628,0.00081565976
5629,0.001
5630,0.001
5631,0.0010327697
5632,0.001
5633,0.018049628
5634,0.001
5635,0.0031154752
5636,0.001
5637,0.0010327697
5638,0.001
5639,0.0011235774
5640,0.001
5641,0.019512922
5642,0.001
5643,0.025660843
5644,0.0037373304
5645,0.002730012
5646,0.025660843
5647,0.0010327697
5648,0.0007581413
5649,0.001
5650,0.002730012
5651,0.0022207797
5652,0.005047977
5653,0.001
5654,0.019581348
5655,0.0031154752
5656,0.0011235774
5657,0.0012681782
5658,0.001
5659,0.001
5660,0.001
5661,0.0007581413
5662,0.001
5663,0.0007581413
5664,0.0013797283
5665,0.005664706
5666,0.001
5667,0.019535214
5668,0.0010365844
5669,0.001
5670,0.005665034
5671,0.002730012
5672,0.0051370263
5673,0.002730012
5674,0.001
5675,0.001
5676,0.001
5677,0.004207611
5678,0.0057314634
5679,0.002730012
5680,0.00036537647
5681,0.001
5682,0.0062556267
5683,0.0031448007
5684,0.0020897985
5685,0.0012681782
5686,0.001
5687,0.001
5688,0.001
5689,0.001
5690,0.00036537647
5691,0.001
5692,0.001
5693,0.0037973225
5694,0.001
5695,0.001
5696,0.0014667213
5697,0.001
5698,0.018798172
5699,0.0036918223
5700,0.001
5701,0.018049628
5702,0.001
5703,0.002834916
5704,0.001
5705,0.001
5706,0.0033242404
5707,0.0033242404
5708,0.002730012
5709,0.0046138167
5710,0.002730012
5711,0.004446417
5712,0.003023386
5713,0.0020897985
5714,0.002730012
5715,0.0057314634
5716,0.005354911
5717,0.002730012
5718,0.019806832
5719,0.002730012
5720,0.002730012
5721,0.001
5722,0.0055962205
5723,0.0014480054
5724,0.0055737793
5725,0.002730012
5726,0.004207611
5727,0.0022207797
5728,0.002730012
5729,0.0031448007
5730,0.0027210712
5731,0.018049628
5732,0.0007581413
5733,0.017150223
5734,0.0046431124
5735,0.002730012
5736,0.002730012
5737,0.020190716
5738,0.0038439035
5739,0.001
5740,0.001
5741,0.00036537647
5742,0.0037373304
5743,0.002730012
5744,0.018049628
5745,0.002730012
5746,0.0037373304
5747,0.020816833
5748,0.002730012
5749,0.0037059188
5750,0.020969003
5751,0.002730012
5752,0.0044406056
5753,0.025660843
5754,0.001
5755,0.002730012
5756,0.0038439035
5757,0.035787404
5758,0.002730012
5759,0.022653043
5760,0.0037279725
5761,0.020969003
5762,0.002730012
5763,0.020709217
5764,0.004330367
5765,0.004286766
5766,0.002730012
5767,0.02659288
5768,0.0012681782
5769,0.002730012
5770,0.004695803
5771,0.0012681782
5772,0.0038439035
5773,0.002730012
5774,0.036108196
5775,0.002730012
5776,0.0031448007
